{
  "SU_IGT": 0.0023697805583203,
  "SU_UUS": 0.0023697805583203,
  "N4_MRV": 0.0047395611166406,
  "SU_CEK": 0.0047395611166406,
  "N4_LED": 0.0071093416749609,
  "SU_ASF": 0.0071093416749609,
  "SU_VVO": 0.0071093416749609,
  "N4_AER": 0.0118489027916015,
  "SU_VOG": 0.0118489027916015,
  "SU_KHV": 0.0165884639082421,
  "SU_IJK": 0.0213280250248827,
  "SU_PKC": 0.023697805583203,
  "SU_KZN": 0.0308071472581639,
  "SU_KUF": 0.0355467083748045,
  "SU_MCX": 0.0355467083748045,
  "SU_STW": 0.047395611166406,
  "SU_MRV": 0.0616142945163278,
  "SU_SCW": 0.0616142945163278,
  "SU_ARH": 0.0687236361912887,
  "SU_MMK": 0.0687236361912887,
  "SU_PEE": 0.0805725389828902,
  "N4_KZN": 0.104270344566093,
  "SU_UFA": 0.146926394615859,
  "SU_KGD": 0.208540689132186,
  "N4_KEJ": 0.291483008673397,
  "SU_GRV": 0.322290155931561,
  "SU_YKS": 0.329399497606522,
  "N4_CEK": 0.426560500497654,
  "SU_OSW": 0.526091283947106,
  "SU_RGK": 0.763069339779136,
  "N4_SVX": 1.46215460448363,
  "SU_NJC": 1.879235982748,
  "FV_AER": 2.00720413289729,
  "SU_SVX": 3.11626143419119,
  "SU_ABA": 3.19683397317408,
  "SU_TJM": 3.53334281245557,
  "N4_OSW": 3.9812313379781,
  "SU_NUX": 4.31300061614295,
  "SU_REN": 4.33669842172615,
  "SU_SGC": 6.01687283757524,
  "SU_IKT": 6.1874970377743,
  "SU_LED": 6.27280913787383,
  "SU_AER": 6.4908289492393,
  "SU_KJA": 7.81790606189867,
  "SU_HMA": 7.83212474524859,
  "SU_MQF": 7.91743684534812,
  "SU_OVB": 8.19707095122992,
  "5N_OVB": 11.7114555192189
}