{
  "SU_IGT": 0.00187518751875188,
  "SU_UUS": 0.00187518751875188,
  "N4_MRV": 0.00375037503750375,
  "SU_CEK": 0.00375037503750375,
  "N4_LED": 0.00562556255625563,
  "SU_ASF": 0.00562556255625563,
  "SU_VVO": 0.00562556255625563,
  "N4_AER": 0.00937593759375938,
  "SU_VOG": 0.00937593759375938,
  "SU_IST": 0.0112511251125113,
  "SU_KHV": 0.0131263126312631,
  "SU_IJK": 0.0168766876687669,
  "SU_PKC": 0.0187518751875188,
  "SU_KZN": 0.0243774377437744,
  "SU_KUF": 0.0281278127812781,
  "SU_MCX": 0.0281278127812781,

  "SU_MSQ": 0.03000300030003,
  "SU_STW": 0.0375037503750375,
  "W5-IKA": 0.0468796879687969,
  "SU_MRV": 0.0487548754875488,
  "SU_SCW": 0.0487548754875488,
  "SU_ARH": 0.0543804380438044,
  "SU_MMK": 0.0543804380438044,
  "SU_PEE": 0.0637563756375638,
  "N4_KZN": 0.0825082508250825,
  "FG_MZR": 0.110636063606361,
  "SU_UFA": 0.116261626162616,
  "SU_KGD": 0.165016501650165,
  "N4_IKA": 0.174392439243924,
  "FG_KBL": 0.196894689468947,
  "N4_KEJ": 0.230648064806481,
  "XC_AYT": 0.24002400240024,
  "SU_GRV": 0.255025502550255,
  "SU_YKS": 0.260651065106511,
  "N4_CEK": 0.337533753375338,
  "SU_OSW": 0.416291629162916,
  "6Q_DAM": 0.504425442544255,
  "SU_RGK": 0.603810381038104,
  "N4_SVX": 1.15699069906991,
  "SU_AYT": 1.18324332433243,
  "SU_NJC": 1.48702370237024,
  "FV_AER": 1.58828382838284,
  "SU_SVX": 2.46587158715872,
  "SU_ABA": 2.52962796279628,
  "SU_FRU": 2.54275427542754,
  "SU_TJM": 2.79590459045905,
  "N4_OSW": 3.15031503150315,
  "SU_NUX": 3.41284128412841,
  "SU_REN": 3.43159315931593,
  "JU_BEG": 3.72224722472247,
  "SU_SGC": 4.76110111011101,
  "SU_IKT": 4.89611461146115,
  "SU_LED": 4.96362136213621,
  "SU_OSS": 5.04425442544254,
  "SU_AER": 5.13613861386139,
  "SU_KJA": 6.18624362436244,
  "SU_HMA": 6.19749474947495,
  "SU_MQF": 6.26500150015002,
  "SU_OVB": 6.48627362736274,
  "EU_AYT": 7.06383138313831,
  "5N_OVB": 9.26717671767177
}
